{
    "accuracy": 0.7040077257363593,
    "precision": 0.7168674698795181,
    "recall": 0.3143989431968296,
    "roc -auc score": 0.6986331529770845
}
